Spotify URI,Title,Album,Artist(s),Submitter ID,Created,Comment,Round ID,Visible To Voters
spotify:track:0g10ndCuaKKaDqUa7gKZMV,Valley Winter Song,Welcome Interstate Managers,Fountains Of Wayne,1d843b6c8a8946b9bda7ad95b6ccc195,2025-12-04T15:49:30Z,It's all about the chorus here... imagine driving/walking through snowy towns ‚ùÑÔ∏è,c955f703e82c4d7290657f55ce3de4f1,Yes
spotify:track:15WbjBy1bzH1UsUldBwwlW,Blood Bank,Blood Bank,Bon Iver,d007026516024c34981c654238511be8,2025-12-03T17:49:39Z,Can‚Äôt get more of a winter feeling than good winter himself,c955f703e82c4d7290657f55ce3de4f1,Yes
spotify:track:1dS6gJaVIvvIjnoXJS3V7U,Baby It's Cold Outside,Ella Fitzgerald: Legendary Recordings,"Ella Fitzgerald, Louis Jordan",a8e4878c0eef4cf2b98d20b54391601d,2025-12-04T12:21:18Z,,c955f703e82c4d7290657f55ce3de4f1,Yes
spotify:track:2nilAlGEZmwyaLTMMyDdLo,For Emma,"For Emma, Forever Ago",Bon Iver,e43c6e753dbf4f999a68467b26ac1663,2025-12-04T13:29:47Z,Whole album is lovely and wintery,c955f703e82c4d7290657f55ce3de4f1,Yes
spotify:track:3ck4j6wJ1FLESAqIOKgXPW,Winter's Empty Pages,"Forever, I've Been Being Born",Jesse Sykes & The Sweet Hereafter,2fc9c6b8f92145d697caadac61426533,2025-12-03T16:54:04Z,"Just heard this recently, something atypical but great nonetheless ",c955f703e82c4d7290657f55ce3de4f1,Yes
spotify:track:3UmaczJpikHgJFyBTAJVoz,Stan,The Marshall Mathers LP,"Eminem, Dido",0034474c5f804b6e99a366f09da69b35,2025-12-03T17:48:42Z,Chilly rainy windy vibes ,c955f703e82c4d7290657f55ce3de4f1,Yes
spotify:track:4XTuSMs47SIg35KxhNIUGe,White Winter Hymnal,Fleet Foxes,Fleet Foxes,dfd346d38f17465b9e121991477a6c8b,2025-12-03T17:15:48Z,üß£,c955f703e82c4d7290657f55ce3de4f1,Yes
spotify:track:59WN2psjkt1tyaxjspN8fp,Killing In The Name,Rage Against The Machine - XX (20th Anniversary Special Edition),Rage Against The Machine,96d515a50352471caca66cdd7e710407,2025-12-04T08:05:29Z,My favorite Christmas number one,c955f703e82c4d7290657f55ce3de4f1,Yes
spotify:track:5BAXlRDW3YaPr3rfqV51TA,Comfort Chain,Comfort Chain,Instupendo,71c8417802d241c6b2c478d5a45128b3,2025-12-04T15:43:11Z,,c955f703e82c4d7290657f55ce3de4f1,Yes
spotify:track:5MbXzXGbqobR8xPVPs8OXA,The Only Living Boy in New York,Bridge Over Troubled Water,Simon & Garfunkel,a3ae0c49642a47d48c37d7c01c632225,2025-12-04T12:51:16Z,"the organ, the choir, being a boy alone in New York just like Kevin was ‚òÉÔ∏è",c955f703e82c4d7290657f55ce3de4f1,Yes
spotify:track:644es5aYPJghtZLjM1rmSP,Concerning Hobbits,The Lord of the Rings: The Fellowship of the Ring (Original Motion Picture Soundtrack),Howard Shore,3828fb97e38e4bfdac4343c43216a492,2025-12-04T14:01:36Z,"First cold day of the winter calls for locking in to the first extended edition of LOTR. 
Yearly ritual, better than Christmas.
",c955f703e82c4d7290657f55ce3de4f1,Yes
spotify:track:69MyxFlOm2ennzuE2FqeM1,To Wish Impossible Things,Wish,The Cure,78d12b4b50924b6e83f2a060a150a8e8,2025-12-03T14:34:15Z,The cure fills me with such melancholy and feelings of a vitamin D deficient existence that can only mean one thing - winter is here.,c955f703e82c4d7290657f55ce3de4f1,Yes
spotify:track:0kTm6R5uFSU6fVznSh5UfU,Count Your Blessings,Distant Relatives,"Nas & Damian ""Jr. Gong"" Marley",e43c6e753dbf4f999a68467b26ac1663,2025-12-05T23:14:07Z,"Definitely on the ‚Äúreggae adjacent‚Äù side, but really wanted to get something in from this album. Worth a listen for anyone looking for something different",2cb45f3ab887474fb0375639968cf4df,Yes
spotify:track:0wrs5ucXutScEWOhdWdGBB,Forbidden Feelingz,Forbidden Feelingz,Nia Archives,0034474c5f804b6e99a366f09da69b35,2025-12-06T00:59:14Z,,2cb45f3ab887474fb0375639968cf4df,Yes
spotify:track:1DLBEsab14e7fa4CUEDKcI,LIFE,2nd,"KARAMUSHI, SUPER FRIENDS",2fc9c6b8f92145d697caadac61426533,2025-12-05T22:32:40Z,What's better than Reggae? Japanese Reggae ,2cb45f3ab887474fb0375639968cf4df,Yes
spotify:track:1HGyhNaRUFEDBiVLbvtbL6,Murder She Wrote,Tease Me,Chaka Demus & Pliers,a8e4878c0eef4cf2b98d20b54391601d,2025-12-06T09:36:37Z,Boppy - Makes me want to shake ,2cb45f3ab887474fb0375639968cf4df,Yes
spotify:track:1q8gelFgFYUwoWpQV7WNCe,54-46 Was My Number,In The Dark,Toots & The Maytals,dfd346d38f17465b9e121991477a6c8b,2025-12-05T21:12:51Z,Give it to me - one time ‚òùÔ∏è,2cb45f3ab887474fb0375639968cf4df,Yes
spotify:track:1Rvl8qsKJurfFTyWLBI9ib,"Baby, I Love Your Way",The Best of Big Mountain,Big Mountain,3828fb97e38e4bfdac4343c43216a492,2025-12-05T21:10:23Z,,2cb45f3ab887474fb0375639968cf4df,Yes
spotify:track:24Si0Kw3pu2RxX1jrbBg5A,Sweat (A La La La La Long),Blazzin' Fire,Inner Circle,a3ae0c49642a47d48c37d7c01c632225,2025-12-05T21:05:26Z,,2cb45f3ab887474fb0375639968cf4df,Yes
spotify:track:2Q9F3D53QeclwbsY24cuxO,Incredible,Knowledge,"M-Beat, General Levy",96d515a50352471caca66cdd7e710407,2025-12-05T21:14:18Z,The one and only,2cb45f3ab887474fb0375639968cf4df,Yes
spotify:track:3BlBgTuUlGKFO9EhhnJZhA,Rock the Casbah (Ranking Roger),Rock The Casbah (Ranking Roger),The Clash,d007026516024c34981c654238511be8,2025-12-05T20:59:57Z,Go on Roger,2cb45f3ab887474fb0375639968cf4df,Yes
spotify:track:4NZelLDnQqYiojtv0eiffp,One Step Beyond - 2009 Remaster,One Step Beyond,Madness,1d843b6c8a8946b9bda7ad95b6ccc195,2025-12-06T16:12:06Z,Ska-ry stuff,2cb45f3ab887474fb0375639968cf4df,Yes
spotify:track:5OF6QGUPdRiYesMy002wdr,Dub Fire,New Chapter Of Dub,Aswad,78d12b4b50924b6e83f2a060a150a8e8,2025-12-06T01:58:44Z,Those horns are so good,2cb45f3ab887474fb0375639968cf4df,Yes
spotify:track:7aMmnUhaQdRmBoV2pC17GK,Limb By Limb - DJ SS Remix,"Rumble in the Jungle, Vol. 2",Cutty Ranks,71c8417802d241c6b2c478d5a45128b3,2025-12-06T16:06:55Z,You wouldn't find Hitler playing jungle music at three o'clock in the morning ,2cb45f3ab887474fb0375639968cf4df,Yes
spotify:track:0RVrErbeEvItWJSlL3Hp87,No Woman No Cry,El Salmon,Andr√©s Calamaro,3828fb97e38e4bfdac4343c43216a492,2025-12-08T21:39:58Z,"Made his album on MS Paint, made this song using the musical equivalent ",f2fe41bdddc3453c8b5f7cf2f537222a,Yes
spotify:track:0wlIUiqzz4UVbQgzzsu9uD,Killing the Name,Spiel Heimorgel Spiel,Mambo Kurt,dfd346d38f17465b9e121991477a6c8b,2025-12-08T14:30:37Z,"Jools Holland if he had a keyboard instead of a piano, and was German, and a nonce",f2fe41bdddc3453c8b5f7cf2f537222a,Yes
spotify:track:13TkOw5eji3jC1kzjkNq6R,He Drinks Tequila,The Best Years Of Our Lives,Crystal Swing,71c8417802d241c6b2c478d5a45128b3,2025-12-08T22:07:55Z,The best thing to come out of Ireland in a long time üòÆ‚Äçüí®,f2fe41bdddc3453c8b5f7cf2f537222a,Yes
spotify:track:1bj2BaiZaKZgL2XKVlY2CG,Firestarter,***hole,Gene Simmons,2fc9c6b8f92145d697caadac61426533,2025-12-08T13:46:11Z,Your raver da on Karaoke but it's Kiss,f2fe41bdddc3453c8b5f7cf2f537222a,Yes
spotify:track:1Cj2vqUwlJVG27gJrun92y,The Sound of Silence,Immortalized,Disturbed,96d515a50352471caca66cdd7e710407,2025-12-08T14:01:49Z,Terrible cover sung by a terrible bollocks,f2fe41bdddc3453c8b5f7cf2f537222a,Yes
spotify:track:4izVkrxOGBMq7gHGhqkEnF,A Hard Day's Night - Remastered,"Wild, Cool & Swingin'",Mrs. Miller,a8e4878c0eef4cf2b98d20b54391601d,2025-12-08T21:44:50Z,Found this awhile ago and I still can‚Äôt cope üò≠üòÇ I can‚Äôt believe it exists ,f2fe41bdddc3453c8b5f7cf2f537222a,Yes
spotify:track:4SWOn4EZlfSbXX3YZV9wfx,Comfortably Numb,Scissor Sisters,Scissor Sisters,0034474c5f804b6e99a366f09da69b35,2025-12-08T13:53:48Z,The vibe is just so off and the chorus sounds like they're singing in the wrong key ,f2fe41bdddc3453c8b5f7cf2f537222a,Yes
spotify:track:5eGX87IiKsGuzS3iw4CfCX,September - Recorded at The Tracking Room Nashville,Spotify Singles,Taylor Swift,d007026516024c34981c654238511be8,2025-12-08T13:52:49Z,üßöüèª‚Äç‚ôÄÔ∏è ,f2fe41bdddc3453c8b5f7cf2f537222a,Yes
spotify:track:5MYsvAONqcsIVOwu2HTQ3p,Faith,"Three Dollar Bill, Y'all $",Limp Bizkit,e43c6e753dbf4f999a68467b26ac1663,2025-12-08T14:02:01Z,They didn‚Äôt need to do this. Horrendous,f2fe41bdddc3453c8b5f7cf2f537222a,Yes
spotify:track:61pl7NmpG9R2KamTBAy5Yo,#WHERESTHELOVE,#WHERESTHELOVE,"Black Eyed Peas, The World",78d12b4b50924b6e83f2a060a150a8e8,2025-12-08T13:55:01Z,When the black eyed peas covered their OWN SONG and made it worse in every way possible,f2fe41bdddc3453c8b5f7cf2f537222a,Yes
spotify:track:6pT57VywIGw8eyKB22Gq63,Common People,William Shatner Has Been,William Shatner,a3ae0c49642a47d48c37d7c01c632225,2025-12-08T13:48:55Z,Iconic but terrible ,f2fe41bdddc3453c8b5f7cf2f537222a,Yes
spotify:track:7LRcUhBCjFSfEy0cxmWlMq,Smells Like Teen Spirit - (Nirvana Cover) [Live at Earl's Court '95],Smells Like Teen Spirit [(Nirvana Cover) [Live at Earl's Court '95]],Take That,1d843b6c8a8946b9bda7ad95b6ccc195,2025-12-08T22:37:24Z,Wait for the chorus.. they didn't even learn the words üíî,f2fe41bdddc3453c8b5f7cf2f537222a,Yes
spotify:track:0GpbUTVkLhMb200mH8WBOW,Baby I Love You,Baby I Love You (Original) - Single,Easy Going,2fc9c6b8f92145d697caadac61426533,2025-12-10T11:56:42Z,"Found this on a ""my analogue journal"" set on YouTube, LOVE ME BABY, COS I LOVE YOU. Bonus points for the album cover",caf499f0a169426bbc98507d7c0489bf,Yes
spotify:track:0RnCUYXa7jhgTXtiMXF2PQ,You Make Me Feel (Mighty Real),Step II,Sylvester,a3ae0c49642a47d48c37d7c01c632225,2025-12-10T11:56:26Z,,caf499f0a169426bbc98507d7c0489bf,Yes
spotify:track:11dUk8E2z8Oj1JURwl7GJd,Carey,Blue,Joni Mitchell,e43c6e753dbf4f999a68467b26ac1663,2025-12-09T20:36:07Z,Best Joni song imo,caf499f0a169426bbc98507d7c0489bf,Yes
spotify:track:2JNNbg38OtPLFoc66isKPQ,Nine Out Of Ten,Transa,Caetano Veloso,dfd346d38f17465b9e121991477a6c8b,2025-12-10T18:05:00Z,"This whole album is a vibe - funky, jazzy Brazilian samba",caf499f0a169426bbc98507d7c0489bf,Yes
spotify:track:4alHo6RGd0D3OUbTPExTHN,Just What I Needed,The Cars,The Cars,1d843b6c8a8946b9bda7ad95b6ccc195,2025-12-10T13:00:38Z,One of my favourite songs ever. They keep you waiting for the chorus but every bit of it rocks so hard - esp guitars & cool synth line,caf499f0a169426bbc98507d7c0489bf,Yes
spotify:track:4niYgqetPxqqPn7oR2XXLX,Sunday Girl - Remastered 2001,Parallel Lines (Remastered),Blondie,3828fb97e38e4bfdac4343c43216a492,2025-12-10T09:32:26Z,Blondie Bop,caf499f0a169426bbc98507d7c0489bf,Yes
spotify:track:4VAAXfLf8YPiO1LzyYnMKb,Planet Caravan (2012 Remaster),Paranoid,Black Sabbath,a8e4878c0eef4cf2b98d20b54391601d,2025-12-10T09:53:10Z,A very cool piece of music,caf499f0a169426bbc98507d7c0489bf,Yes
spotify:track:5FgQkEcqMXCqFdcsEx143b,The Four Horsemen,6 6 6,Aphrodite's Child,78d12b4b50924b6e83f2a060a150a8e8,2025-12-10T12:04:03Z,"For those who don't know, this is the band that Greek composer Vangelis formed. After this band he did the soundtrack for Chariots of Fire and Blade Runner! The more you know. ",caf499f0a169426bbc98507d7c0489bf,Yes
spotify:track:5jO6agviIZnOFaaDoJnfkR,You Can't Change a Man,One Understanding,Christy Essien Igbokwe,d007026516024c34981c654238511be8,2025-12-09T23:58:13Z,,caf499f0a169426bbc98507d7c0489bf,Yes
spotify:track:5lc9L9FeLBwlJPgEbq9uEw,Can You Get To That,Maggot Brain,Funkadelic,96d515a50352471caca66cdd7e710407,2025-12-09T18:13:05Z,IIIIIIIIIII wanna know üòé,caf499f0a169426bbc98507d7c0489bf,Yes
spotify:track:5QTxFnGygVM4jFQiBovmRo,(Don't Fear) The Reaper,Agents Of Fortune,Blue √ñyster Cult,0034474c5f804b6e99a366f09da69b35,2025-12-10T12:12:17Z,,caf499f0a169426bbc98507d7c0489bf,Yes
spotify:track:7jRBeWs7TvE8N8W4tEk3nb,Summer Connection,SUNSHOWER,Taeko Onuki,71c8417802d241c6b2c478d5a45128b3,2025-12-09T17:50:56Z,How can you listen to this and not be in a good mood? ,caf499f0a169426bbc98507d7c0489bf,Yes
spotify:track:22vRKcdPjVW7Q6ydLNcYBV,EURO-COUNTRY,EURO-COUNTRY,CMAT,d007026516024c34981c654238511be8,2025-12-12T12:47:37Z,Been trying to learn off the intro to this,e5eb64a23e44443899cc0788d404fc3b,Yes
spotify:track:2DgFCys3XMrWZDngu1CrRy,Since I Left You,Since I Left You,The Avalanches,71c8417802d241c6b2c478d5a45128b3,2025-12-12T13:09:26Z,This whole album and this song in particular is often my soundtrack to the start of a v fun weekend ,e5eb64a23e44443899cc0788d404fc3b,Yes
spotify:track:2pAD0PKMUMtxlMvz33tYzB,Is This It,Is This It,The Strokes,e43c6e753dbf4f999a68467b26ac1663,2025-12-12T15:02:28Z,This round giving me a great excuse to listen to this album again. Great opening song for a great album. ,e5eb64a23e44443899cc0788d404fc3b,Yes
spotify:track:3elV4E1GOKfF0MVRgdp6eU,Brothers In Arms - Remastered 1996,Brothers In Arms (Remastered 1996),Dire Straits,3828fb97e38e4bfdac4343c43216a492,2025-12-12T13:42:06Z,,e5eb64a23e44443899cc0788d404fc3b,Yes
spotify:track:3v6qZ3si172K8vwZ2whwlI,Dead Stars,Dead Stars,Pit Pony,a8e4878c0eef4cf2b98d20b54391601d,2025-12-12T14:45:59Z,One of my favourite songs of this year - and an incredible album ,e5eb64a23e44443899cc0788d404fc3b,Yes
spotify:track:44mVEasniDC1wAhwU4uwx2,Tango in the Night - 2017 Remaster,Tango In the Night (Deluxe Edition),Fleetwood Mac,1d843b6c8a8946b9bda7ad95b6ccc195,2025-12-13T00:34:52Z,An underrated song and album of theirs imo. So atmospheric,e5eb64a23e44443899cc0788d404fc3b,Yes
spotify:track:4a5pNRjwmzYQuEY1E7O6pj,Breakfast In America - Remastered 2010,Breakfast In America (Deluxe Edition),Supertramp,a3ae0c49642a47d48c37d7c01c632225,2025-12-12T12:31:05Z,,e5eb64a23e44443899cc0788d404fc3b,Yes
spotify:track:4sasOnxPZLjX5ecdAo3Nud,Black Celebration,Black Celebration,Depeche Mode,78d12b4b50924b6e83f2a060a150a8e8,2025-12-12T13:48:06Z,"A dramatic album opener, very 1980s",e5eb64a23e44443899cc0788d404fc3b,Yes
spotify:track:5jzma6gCzYtKB1DbEwFZKH,London Calling - Remastered,London Calling (Remastered),The Clash,dfd346d38f17465b9e121991477a6c8b,2025-12-13T09:38:28Z,,e5eb64a23e44443899cc0788d404fc3b,Yes
spotify:track:5Uou8idst1XJc0F6MRAk5S,I Don't Live Here Anymore (feat. Lucius),I Don‚Äôt Live Here Anymore,"The War On Drugs, Lucius",96d515a50352471caca66cdd7e710407,2025-12-12T12:45:52Z,ü§òü§òü§ò,e5eb64a23e44443899cc0788d404fc3b,Yes
spotify:track:6ONyZXRIEiZWWnAA1F5YvH,NEVER ENOUGH,NEVER ENOUGH,Turnstile,2fc9c6b8f92145d697caadac61426533,2025-12-13T08:55:47Z,Down with the kids,e5eb64a23e44443899cc0788d404fc3b,Yes
spotify:track:70C4NyhjD5OZUMzvWZ3njJ,Piano Man,Piano Man (Legacy Edition),Billy Joel,0034474c5f804b6e99a366f09da69b35,2025-12-12T12:42:19Z,,e5eb64a23e44443899cc0788d404fc3b,Yes
spotify:track:0gXmHoUSNYxXd5HIzIHxoX,Dancing In The Dark,Why Make Sense? (Definitive Version),Hot Chip,a3ae0c49642a47d48c37d7c01c632225,2025-12-15T11:10:28Z,Original is Dancing in the Dark by Mr. Springsteen ,523b3e893476487caa2fa2891a41e70f,Yes
spotify:track:1m5eFhE34yyYv2lkjtcKPG,The Power of Love,English Rain,Gabrielle Aplin,d007026516024c34981c654238511be8,2025-12-15T12:42:40Z,A beautiful folk / indie ballad that is a cover of the original soft rock / synth pop banger by Frankie Goes to Hollywood (which I love & worth the listen). Made famous by a 2012 John Lewis Xmas ad & sang by James Arthur on X-Factor in 2012 as well. There is a Dalton Harris feat. James Arthur cover of the song which is more Pop-y but I don‚Äôt like it as much,523b3e893476487caa2fa2891a41e70f,Yes
spotify:track:1swz9stsbG1p34SJHJqiww,Murder on the Dancefloor - triple j Like A Version,Murder on the Dancefloor (triple j Like A Version),Royel Otis,96d515a50352471caca66cdd7e710407,2025-12-15T22:03:51Z,My weddin song xx,523b3e893476487caa2fa2891a41e70f,Yes
spotify:track:28cnXtME493VX9NOw9cIUh,Hurt,American IV: The Man Comes Around,Johnny Cash,3828fb97e38e4bfdac4343c43216a492,2025-12-15T19:37:21Z,Apologies for bringing down the mood of what is likely a nice upbeat playlist ,523b3e893476487caa2fa2891a41e70f,Yes
spotify:track:2GFExyKXf9383tSRSrEHEt,Can't Take My Eyes Off of You - (I Love You Baby),The Miseducation of Lauryn Hill,Ms. Lauryn Hill,e43c6e753dbf4f999a68467b26ac1663,2025-12-15T16:21:41Z,Legend covering legend,523b3e893476487caa2fa2891a41e70f,Yes
spotify:track:3jQyadhLTxpxadQlkFh2b8,Heartbeats,Veneer,Jos√© Gonz√°lez,1d843b6c8a8946b9bda7ad95b6ccc195,2025-12-16T14:44:17Z,Love when someone finds the beauty and sensitivity in a dance/electronic song,523b3e893476487caa2fa2891a41e70f,Yes
spotify:track:3RgFWMQsjhLw0vRm1E5yv1,Inspector Norse,Zambidoose,The Gene Dudley Group,2fc9c6b8f92145d697caadac61426533,2025-12-16T13:34:11Z,,523b3e893476487caa2fa2891a41e70f,Yes
spotify:track:5F6tUpAoDzz5PjJos99176,I Just Don't Know What to Do With Myself,Elephant,The White Stripes,78d12b4b50924b6e83f2a060a150a8e8,2025-12-16T00:46:59Z,Cover of Dusty Springfield's song which is a banger in it's own right,523b3e893476487caa2fa2891a41e70f,Yes
spotify:track:5KAJ265InskSVO7NJ86pYP,Light My Fire / 137 Disco Heaven,The Hits: Remixed,Amii Stewart,a8e4878c0eef4cf2b98d20b54391601d,2025-12-16T08:29:24Z,Disco ü™© groovy cover of Light my fire by the doors - class! ,523b3e893476487caa2fa2891a41e70f,Yes
spotify:track:5PK1JCSdr34gWgzYHgt3Jq,Feeling Good,Origin of Symmetry,Muse,0034474c5f804b6e99a366f09da69b35,2025-12-15T20:29:54Z,"Original Nina Simone is a classic obvs, but this is a very cool interpretation, still keeping that groove but with a nice mix of fuzzy guitar ",523b3e893476487caa2fa2891a41e70f,Yes
spotify:track:5Tl0HJvynZtKdSUMKbFVVX,Hard Knock Life (Ghetto Anthem),Vol.2... Hard Knock Life,JAY-Z,dfd346d38f17465b9e121991477a6c8b,2025-12-15T22:43:44Z,Lil orphan Annie would be proud üë©‚Äçü¶∞ great scene in Austin Powers with this track too,523b3e893476487caa2fa2891a41e70f,Yes
spotify:track:5uPkkLAEOVT9tHi75fB12j,For Sure,American Football (Covers),Ethel Cain,71c8417802d241c6b2c478d5a45128b3,2025-12-15T11:17:17Z,"This cover is so much more emotive and dramatic than the original by American Football, completely changed the mood of the song ",523b3e893476487caa2fa2891a41e70f,Yes
spotify:track:1eTaznNW4Xxtx9za2SMTXB,DENIAL IS A RIVER,Alligator Bites Never Heal,Doechii,3828fb97e38e4bfdac4343c43216a492,2025-12-17T11:07:55Z,,0e6ac46b599343b88b6527f777c01c3a,Yes
spotify:track:1vYn6w3kecn9dck2bpdUlJ,Barrett's Privateers,Between The Breaks Live!,Stan Rogers,96d515a50352471caca66cdd7e710407,2025-12-17T11:16:51Z,Apparently you can go into any pub in Newfoundland and start singing this and the whole pub will join in,0e6ac46b599343b88b6527f777c01c3a,Yes
spotify:track:2dKZPlqXJ8Y4I1yfnDyCbY,The Party that Never Ends,The Head Hurts but the Heart Knows the Truth,Headache,d007026516024c34981c654238511be8,2025-12-17T11:28:55Z,It‚Äôs always story time with this guy,0e6ac46b599343b88b6527f777c01c3a,Yes
spotify:track:2fXKyAyPrEa24c6PJyqznF,Common People - Full Length Version,Different Class,Pulp,2fc9c6b8f92145d697caadac61426533,2025-12-17T11:56:35Z,Having a pulp appreciation resurgence. Their songs paint such great stories ,0e6ac46b599343b88b6527f777c01c3a,Yes
spotify:track:2LN8mDsvMvG7JU69vtpLhk,Carolina Drama,Consolers of the Lonely,The Raconteurs,dfd346d38f17465b9e121991477a6c8b,2025-12-17T11:35:52Z,A tale of woe in the American south - Jack White at his finest,0e6ac46b599343b88b6527f777c01c3a,Yes
spotify:track:4F8rYEoiBjPaRgQXLVtN5a,The Art of Peer Pressure,"good kid, m.A.A.d city (Deluxe)",Kendrick Lamar,78d12b4b50924b6e83f2a060a150a8e8,2025-12-17T17:06:21Z,16 year old me was BUMPING this,0e6ac46b599343b88b6527f777c01c3a,Yes
spotify:track:4p4RAxxV9DkBHSEMzZHgzn,Go!,The Race for Space,Public Service Broadcasting,a3ae0c49642a47d48c37d7c01c632225,2025-12-17T12:10:54Z,I wish the moon landing was real,0e6ac46b599343b88b6527f777c01c3a,Yes
spotify:track:4SrJ7S8Zz9LShbeY7MXpZk,In √°r gCro√≠the go deo,Skinty Fia,Fontaines D.C.,0034474c5f804b6e99a366f09da69b35,2025-12-17T15:54:15Z,"Tells the true story of Margaret Keane who died in Coventry in 2018 and wanted ""In √°r gCro√≠the go deo"" on her gravestone. It was blocked for being a political slogan which is such bullshit. Real strong melancholic feel and choir-like backing vocals from the lads which make it feel almost funeral-y or something, which goes with the underlying story very well.",0e6ac46b599343b88b6527f777c01c3a,Yes
spotify:track:5JkTN6THtYH6bpOoHjOysc,Foundations,Made of Bricks,Kate Nash,a8e4878c0eef4cf2b98d20b54391601d,2025-12-17T13:22:36Z,Came to mind this morning - what a song ,0e6ac46b599343b88b6527f777c01c3a,Yes
spotify:track:5xMNjx7uqCzMpJZSo4Wq55,"A Boy Named Sue - Live at San Quentin State Prison, San Quentin, CA - February 1969",At San Quentin,Johnny Cash,e43c6e753dbf4f999a68467b26ac1663,2025-12-17T14:44:59Z,The crowd noise in this version adds to the fun,0e6ac46b599343b88b6527f777c01c3a,Yes
spotify:track:61Tfx6zfjRe7XqJSFrXBR3,The Foggy Dew (with Sin√©ad O'Connor),The Essential Chieftains,"The Chieftains, Sin√©ad O'Connor",1d843b6c8a8946b9bda7ad95b6ccc195,2025-12-17T16:55:42Z,The only story that matters - the story of FREEDOM. And the lyrics are like poetry. Makes me want to pick up my hurl and pike and fight,0e6ac46b599343b88b6527f777c01c3a,Yes
spotify:track:6crBy2sODw2HS53xquM6us,Tribute,Tenacious D,Tenacious D,71c8417802d241c6b2c478d5a45128b3,2025-12-17T11:06:59Z,Need to pull this one out at karaoke ,0e6ac46b599343b88b6527f777c01c3a,Yes
spotify:track:0DwVfCYLrVXgvejYbWwZAd,Break It Off,Break It Off,PinkPantheress,0034474c5f804b6e99a366f09da69b35,2025-12-18T17:58:36Z,,6d903bf211bc440b951054ed30d665a0,Yes
spotify:track:0wEo4mwfs6tXYgCem9m9wP,The Wind - Remastered 2021,Teaser And The Firecat (Remastered 2021),Yusuf / Cat Stevens,a3ae0c49642a47d48c37d7c01c632225,2025-12-19T09:41:27Z,this song feels like growing older üòÆ‚Äçüí®,6d903bf211bc440b951054ed30d665a0,Yes
spotify:track:1c5CllrZr45UBhWpIqM332,Funny Thing,It Is What It Is,Thundercat,d007026516024c34981c654238511be8,2025-12-18T18:35:03Z,,6d903bf211bc440b951054ed30d665a0,Yes
spotify:track:1dmJWX0nWAx5gjDzAohSbO,Cerca De Ti,Hoy Como Ayer,Hermanos Guti√©rrez,96d515a50352471caca66cdd7e710407,2025-12-18T16:57:27Z,Immaculate vibes,6d903bf211bc440b951054ed30d665a0,Yes
spotify:track:1EO9dn7V0ufwPHJngZThO5,Strawberry Blond,"Retired from Sad, New Career in Business",Mitski,e43c6e753dbf4f999a68467b26ac1663,2025-12-19T13:11:51Z,Mitski heads rise up,6d903bf211bc440b951054ed30d665a0,Yes
spotify:track:2gNfxysfBRfl9Lvi9T3v6R,Disciples,Currents,Tame Impala,a8e4878c0eef4cf2b98d20b54391601d,2025-12-18T16:59:44Z,,6d903bf211bc440b951054ed30d665a0,Yes
spotify:track:3GfOAdcoc3X5GPiiXmpBjK,Song 2,Blur: The Best Of,Blur,dfd346d38f17465b9e121991477a6c8b,2025-12-19T13:47:21Z,Woohoo,6d903bf211bc440b951054ed30d665a0,Yes
spotify:track:3KRdLDjxlAY7ku93tOG0b1,Kissing Lessons,Kissing Lessons,Lucy Dacus,1d843b6c8a8946b9bda7ad95b6ccc195,2025-12-19T14:07:52Z,Short and very sweet song about your first (GAY) kiss x,6d903bf211bc440b951054ed30d665a0,Yes
spotify:track:61bwFjzXGG1x2aZsANdLyl,money machine,1000 gecs,"100 gecs, Laura Les, Dylan Brady",71c8417802d241c6b2c478d5a45128b3,2025-12-18T17:16:44Z,Fully ready for people to hate this but I simply do not care ,6d903bf211bc440b951054ed30d665a0,Yes
spotify:track:67vrmPygrZ9giGqHUSReAT,Accordion,Madvillainy,"Madvillain, Madlib, MF DOOM",78d12b4b50924b6e83f2a060a150a8e8,2025-12-19T12:25:03Z,"Incredible beat, flow, lyrics, vibe. üíØ",6d903bf211bc440b951054ed30d665a0,Yes
spotify:track:6WTFHKrnZpwEBLRS10Ylqs,misses,14 minutes,Dominic Fike,3828fb97e38e4bfdac4343c43216a492,2025-12-18T16:58:12Z,,6d903bf211bc440b951054ed30d665a0,Yes
spotify:track:7yvdp8dqmxExSJwT2fn6Xq,Binz,When I Get Home,Solange,2fc9c6b8f92145d697caadac61426533,2025-12-18T17:00:15Z,"The best knowles, always listen a few times ",6d903bf211bc440b951054ed30d665a0,Yes
spotify:track:0Q5JjHvYf8t9cVxwXMBP6t,Men Awel Deqiqa,Modern Music (Habibi Funk 006),Al Massrieen,a8e4878c0eef4cf2b98d20b54391601d,2025-12-23T03:25:07Z,A funky 70s Egyptian pop band ,cc4ff7fb429841579146542f4872d82b,Yes
spotify:track:1106NpuH96tUmf53qlKsoA,Tire Loma da Nigbehin,Tire Loma Da Nigbehin,Monomono,71c8417802d241c6b2c478d5a45128b3,2025-12-22T22:09:43Z,"Funky Nigerian 70s music, what's not to love? ",cc4ff7fb429841579146542f4872d82b,Yes
spotify:track:1kKvcinRJW5ci22gnTYNq6,Don't Go Lose It Baby,Pure Sounds of Africa,Hugh Masekela,2fc9c6b8f92145d697caadac61426533,2025-12-22T22:12:13Z,"This song just infects your brain, south Africa guy",cc4ff7fb429841579146542f4872d82b,Yes
spotify:track:2B6945YOzaZaWncHmywJtO,Fantastic Man,World Psychedelic Classics 5: Who Is William Onyeabor?,William Onyeabor,a3ae0c49642a47d48c37d7c01c632225,2025-12-22T08:59:47Z,,cc4ff7fb429841579146542f4872d82b,Yes
spotify:track:2cg2qFUrMNRWqwZViXp2B2,Disco Dancer,24 Hours in a Disco 1978-82,Kiki Gyan,0034474c5f804b6e99a366f09da69b35,2025-12-22T00:43:10Z,,cc4ff7fb429841579146542f4872d82b,Yes
spotify:track:2jQ7PN66QI0qOUm4kvDY8T,Victory - Instrumental,Love & Death,Ebo Taylor,96d515a50352471caca66cdd7e710407,2025-12-22T00:29:25Z,I listen to this when I'm cooking,cc4ff7fb429841579146542f4872d82b,Yes
spotify:track:3k99IFfOvpZBsgSBAd4GhX,Fouo oh,Touch√© couill√© (Les boss du zouglou),Surchoc,e43c6e753dbf4f999a68467b26ac1663,2025-12-22T22:10:11Z,If you ever played FIFA Street you‚Äôll know this banger üá®üáÆ,cc4ff7fb429841579146542f4872d82b,Yes
spotify:track:4CpkKi23V5U6fd419XNQnG,Suzanna,Midnight Train,Sauti Sol,3828fb97e38e4bfdac4343c43216a492,2025-12-22T18:27:41Z,Boppy bop de bop ,cc4ff7fb429841579146542f4872d82b,Yes
spotify:track:4oKP3zv7gQAaq8LwSzNk2w,Modjadji,Modjadji,Chicco,dfd346d38f17465b9e121991477a6c8b,2025-12-23T13:19:04Z,"I‚Äôve been on genealogy.com, he‚Äôs South African",cc4ff7fb429841579146542f4872d82b,Yes
spotify:track:4XXWVRgEF3LWiYuPGEgJSI,My Lady Frustration,The '69 Los Angeles Sessions,Fela Kuti,78d12b4b50924b6e83f2a060a150a8e8,2025-12-22T15:57:19Z,"The godfather of afrobeat, lived a very interesting life full of musical protest and travel. The story behind the creation of this album is worth a read. He also married 27 women at the same time - my guy's got some motion",cc4ff7fb429841579146542f4872d82b,Yes
spotify:track:6lZ5p6VTbZ2ZvnsdTlLv7I,emiliana,Emiliana,CKay,1d843b6c8a8946b9bda7ad95b6ccc195,2025-12-23T17:15:32Z,"Not our dj friend from cork, but one of the biggest artists in nigerian music. He had a crazy viral hit ""love nwantiti"" that ye'd probs recognise from tiktok, but i love this one it's so sexyyy",cc4ff7fb429841579146542f4872d82b,Yes
spotify:track:7JPNvoMjoIXkTDAMx9Aajj,Tezeta,New York - Addis - London: The Story of Ethio Jazz 1965-1975,Mulatu Astatke,d007026516024c34981c654238511be8,2025-12-22T00:39:41Z,Ethiopian jazz rocks,cc4ff7fb429841579146542f4872d82b,Yes
spotify:track:1OrT4UVkCnCDSO6sD2o3f2,Everytime We Touch - Remastered,Echoes (Deluxe Version Remastered),Maggie Reilly,2fc9c6b8f92145d697caadac61426533,2025-12-27T00:59:02Z,"Couldn't believe it when the chorus kicked in, released in 1992, sampled by cascada obviously ",8e08cf463ae04edc92ea8d38b45a4103,Yes
spotify:track:1qfDfZAvrkSAFrAR2FTQDv,Grandma's Hands,Just As I Am,Bill Withers,dfd346d38f17465b9e121991477a6c8b,2025-12-27T16:07:22Z,Recognise that iconic hum? ,8e08cf463ae04edc92ea8d38b45a4103,Yes
spotify:track:1tL5a9jowsWMtn3wkFYsG9,"Footsteps in the Dark, Pts. 1 & 2",Go for Your Guns,The Isley Brothers,71c8417802d241c6b2c478d5a45128b3,2025-12-26T17:57:36Z,Just waking up gotta thank god ,8e08cf463ae04edc92ea8d38b45a4103,Yes
spotify:track:20VuO95A8RxUPlShnfYArW,I Got The... - 2006 Remaster,Remember My Song,Labi Siffre,a8e4878c0eef4cf2b98d20b54391601d,2025-12-27T11:46:25Z,Wait for the middle - you‚Äôll recognise it - Eminem‚Äôs first major hit ‚ÄòMy Name Is‚Äô sampled this song ,8e08cf463ae04edc92ea8d38b45a4103,Yes
spotify:track:2D5ztROe7fW5rjajdmxp18,Release the Beast,Splashdown (Expanded Edition),Breakwater,3828fb97e38e4bfdac4343c43216a492,2025-12-26T17:29:53Z,,8e08cf463ae04edc92ea8d38b45a4103,Yes
spotify:track:2dCmGcEOQrMQhMMS8Vj7Ca,Super Freak,Street Songs (Deluxe Edition),Rick James,1d843b6c8a8946b9bda7ad95b6ccc195,2025-12-27T21:34:14Z,"Original sample for iconic MC hammer ""u can't touch this"" (and more recently, Nikki minaj ""super freaky girl""). Mr James truly blessed up with this one - it SLAPS",8e08cf463ae04edc92ea8d38b45a4103,Yes
spotify:track:3NQi07SXRVAjLTkxhOkk2N,Mystic Brew,Two-Headed Freap,Ronnie Foster,0034474c5f804b6e99a366f09da69b35,2025-12-27T16:21:30Z,Tribe called quest - Electric relaxation samples this. Such a groove,8e08cf463ae04edc92ea8d38b45a4103,Yes
spotify:track:3xsOtNxtBW0oTI1OWKAzTm,Walk on By,Make Way for Dionne Warwick,Dionne Warwick,96d515a50352471caca66cdd7e710407,2025-12-26T17:17:18Z,Sampled by Doja Cat,8e08cf463ae04edc92ea8d38b45a4103,Yes
spotify:track:4MvGHDenL4t9JW1RHB4rK2,Gotta Go Home,Oceans Of Fantasy,Boney M.,a3ae0c49642a47d48c37d7c01c632225,2025-12-26T18:09:05Z,Barbara Streisand ,8e08cf463ae04edc92ea8d38b45a4103,Yes
spotify:track:56eSclzdXaWU5jOJ7DX7Vp,Silver Soul,Teen Dream,Beach House,78d12b4b50924b6e83f2a060a150a8e8,2025-12-27T10:17:15Z,Sample for money trees by kendrick,8e08cf463ae04edc92ea8d38b45a4103,Yes
spotify:track:6UkMcAA19lTdjs22jtB7o2,Big Yellow Taxi,Ladies of the Canyon,Joni Mitchell,e43c6e753dbf4f999a68467b26ac1663,2025-12-27T12:47:18Z,It‚Äôs a travesty that the counting crows version has more streams on Spotify ,8e08cf463ae04edc92ea8d38b45a4103,Yes
spotify:track:7EVDIXEOFAAvzwu6xk0nUz,Cola Bottle Baby,Edwin Birdsong (Expanded Edition),Edwin Birdsong,d007026516024c34981c654238511be8,2025-12-27T17:17:59Z,"Sample inception - sampled in Harder, Better, Faster, Stronger by Daft Punk which was then sampled in Kanye‚Äôs Stronger",8e08cf463ae04edc92ea8d38b45a4103,Yes
spotify:track:0a8GdGZ0QrwdLOzPoLo9Em,Gy√∂ngyhaj√∫ l√°ny,10000 l√©p√©s (Remaster),Omega,1d843b6c8a8946b9bda7ad95b6ccc195,2025-12-30T18:32:50Z,"Hungarian rock song from 1969. It speaks to me of nature & freedom. I love that it sounds so traditional (with the folk instruments) but also so universal, like if your favourite western 70s band had made it it would have been a massive hit.",eb9cc4979b6a47529ba48c6dc4640677,Yes
spotify:track:1SHB1hp6267UK9bJQUxYvO,–°—É–¥–Ω–æ (–ë–æ—Ä–∏—Å –†—ã–∂–∏–π),–≠—Ç–∞–∂–∏,Molchat Doma,96d515a50352471caca66cdd7e710407,2025-12-29T23:25:25Z,"—á–µ—Ä—Ç –≤–æ–∑—å–º–∏, –¥–∞, –±—Ä–∞—Ç",eb9cc4979b6a47529ba48c6dc4640677,Yes
spotify:track:1su9FWmWVgf71pqY78k5Ib,Sur la planche 2013,Psycho Tropical Berlin,"La Femme, Marlon Magn√©e, Saxa Goth",0034474c5f804b6e99a366f09da69b35,2025-12-30T20:01:35Z,,eb9cc4979b6a47529ba48c6dc4640677,Yes
spotify:track:2CWsTZRHy24PwrtQSPfXCn,Khayal,Ghoyoum,Kazdoura,2fc9c6b8f92145d697caadac61426533,2025-12-30T12:06:17Z,A Lebanese band I came across recently ,eb9cc4979b6a47529ba48c6dc4640677,Yes
spotify:track:2kCLcLVgWmnirG3goDG1bz,Zidane,D.A.N.,D.A.N.,dfd346d38f17465b9e121991477a6c8b,2025-12-31T13:01:05Z,"Described as ‚Äúsitting between the XX and Caribou‚Äù, this Tokyo band are funky as hell",eb9cc4979b6a47529ba48c6dc4640677,Yes
spotify:track:2KvIO4ew1TGnz1VfTJk49g,S√¶gl√≥pur,Takk...,Sigur R√≥s,71c8417802d241c6b2c478d5a45128b3,2025-12-30T00:47:08Z,"Do I speak Icelandic? No
Does this song still make me emotional? Yes",eb9cc4979b6a47529ba48c6dc4640677,Yes
spotify:track:2z4epffvWpEsAQvaCnkKBa,Zindagi Meri Dance Dance,Daddy,"Alisha Chinai, Vijay Benedict",a8e4878c0eef4cf2b98d20b54391601d,2025-12-31T00:35:15Z,"Hear me out, the beat is sick ",eb9cc4979b6a47529ba48c6dc4640677,Yes
spotify:track:3JiiSo4yW8FYVnWNlvzEFO,Amore Disperato - 2004 Remaster,Made In Italy,Nada,78d12b4b50924b6e83f2a060a150a8e8,2025-12-30T11:56:44Z,,eb9cc4979b6a47529ba48c6dc4640677,Yes
spotify:track:3k2qOgZygd9YxrYGqkK6Dj,Por Las Buenas,Por Las Buenas,Billo's Caracas Boys,d007026516024c34981c654238511be8,2025-12-30T00:10:05Z,My parents have this album on CD after hearing in a restaurant in Spain,eb9cc4979b6a47529ba48c6dc4640677,Yes
spotify:track:46ObhINB3ckuYrdWKVkIkJ,Taibhs√≠ n√≥ Laochra - Acoustic,Heroes or Ghosts (Acoustic),The Coronas,e43c6e753dbf4f999a68467b26ac1663,2025-12-30T11:36:23Z,Clasaic,eb9cc4979b6a47529ba48c6dc4640677,Yes
spotify:track:4sf4Lq52b2iCoAgpge7a9g,Ca Plane Pour Moi,Plastic Bertrand,Plastic Bertrand,3828fb97e38e4bfdac4343c43216a492,2025-12-29T23:40:54Z,Beejar delivering a sick 1 night only play of this in 2026,eb9cc4979b6a47529ba48c6dc4640677,Yes
spotify:track:70gj6QzW8ema8kZtU8ScjF,Badala Zamana,Badala Zamana (Habibi Funk 015),Zohra,a3ae0c49642a47d48c37d7c01c632225,2025-12-30T00:19:52Z,,eb9cc4979b6a47529ba48c6dc4640677,Yes
spotify:track:0k6WMNaYENiEhseD7MAi4N,Safeandsound,LOVED,Parcels,3828fb97e38e4bfdac4343c43216a492,2026-01-05T14:16:57Z,,d1d3dd3822c84954b4eb791a8142ceb5,Yes
spotify:track:0M5NH22uVXHSXjSi5SXTXM,i think about you all the time,private music,Deftones,78d12b4b50924b6e83f2a060a150a8e8,2026-01-05T12:32:55Z,"A dreamy, spacey cut from one of my favourite bands",d1d3dd3822c84954b4eb791a8142ceb5,Yes
spotify:track:1o540VqyU0tG2NFg4pwPmW,Puzzle,Altar,NewDad,0034474c5f804b6e99a366f09da69b35,2026-01-05T14:12:36Z,Best thing to come out of Galway since Joe Canning,d1d3dd3822c84954b4eb791a8142ceb5,Yes
spotify:track:1xqT27jSG1Y15vOXfsV0gv,iPod Touch,I Love My Computer,Ninajirachi,71c8417802d241c6b2c478d5a45128b3,2026-01-04T23:03:06Z,As someone chronically online this is easily my best discovery of 2025 ,d1d3dd3822c84954b4eb791a8142ceb5,Yes
spotify:track:29Fam5ByZMf0lKBdEnNfnR,Short King,Short King,Alex Cameron,2fc9c6b8f92145d697caadac61426533,2026-01-04T17:37:57Z,This is for all the men in this league ,d1d3dd3822c84954b4eb791a8142ceb5,Yes
spotify:track:3FW4sQFCb3v12aShwG2bR4,Make A Difference,KAWALA Collection,KAWALA,a8e4878c0eef4cf2b98d20b54391601d,2026-01-05T15:49:46Z,Most played and never getting tired of it,d1d3dd3822c84954b4eb791a8142ceb5,Yes
spotify:track:3OQk21nMrEPnc5KXePcv6E,All I Need,Hallucinating Love,"Maribou State, Andreya Triana",d007026516024c34981c654238511be8,2026-01-04T21:29:30Z,From my favourite album of 2025,d1d3dd3822c84954b4eb791a8142ceb5,Yes
spotify:track:4B9exlsiWRZWn74eKrHkh7,(Bonus) Daily Duppy,"Young Fire, Old Flame (Deluxe)","Wretch 32, Avelino",dfd346d38f17465b9e121991477a6c8b,2026-01-05T12:43:19Z,Schemes and puns for days,d1d3dd3822c84954b4eb791a8142ceb5,Yes
spotify:track:5cbDTZG8lBJqVVa2zqROPI,Taxes,Getting Killed,Geese,a3ae0c49642a47d48c37d7c01c632225,2026-01-04T14:06:15Z,,d1d3dd3822c84954b4eb791a8142ceb5,Yes
spotify:track:6hwzlorpMDQsHtIhwoNPP9,Bullseye (with Hozier),Forever Is A Feeling,"Lucy Dacus, Hozier",e43c6e753dbf4f999a68467b26ac1663,2026-01-04T20:54:20Z,Found this because Lucy Dacus posted video of the 2 of them singing this in The National Gallery. Lovely setting for a lovely song - https://youtu.be/42kPwNkY8dg?si=0lXduqnSTty-ZM-y,d1d3dd3822c84954b4eb791a8142ceb5,Yes
spotify:track:7B3BwNecBhKvNwSMOOl7Gk,Fame is a Gun,Addison,Addison Rae,1d843b6c8a8946b9bda7ad95b6ccc195,2026-01-05T15:56:47Z,This song is so fucking cunty. She's bringing something to pop/dance that's been hiding for a few years,d1d3dd3822c84954b4eb791a8142ceb5,Yes
spotify:track:7pA7CZIJUpcD5X0QpLlESx,UFO,UFO,"UFOs, Braxe + Falcon, Phoenix, Alan Braxe, DJ Falcon",96d515a50352471caca66cdd7e710407,2026-01-05T13:03:09Z,2025 ü´∂,d1d3dd3822c84954b4eb791a8142ceb5,Yes
spotify:track:05IOuexttkZG6eQLFi3v40,New Bottega,New Bottega,"Torren Foot, Azealia Banks",d007026516024c34981c654238511be8,2026-01-07T17:25:35Z,"Such a good clerb banger but she hates us Irish - https://www.bbc.com/news/newsbeat-47001418.amp - as well as just general homophobia, transphobia & xenophobia",1641a215e19d4584aaef88d5a1796a69,Yes
spotify:track:19fVfEI3sw6me7I3rTmlaJ,"Airplanes, Pt. II (feat. Eminem & Hayley Williams of Paramore)",B.o.B Presents: The Adventures of Bobby Ray,"B.o.B, Eminem, Hayley Williams",e43c6e753dbf4f999a68467b26ac1663,2026-01-07T17:13:48Z,"After going through a period of everything he touched turning to gold, B.O.B started to go down some conspiracy rabbit-holes, which ultimately came to a head in 2016 when he beefed with Neil DeGrasse Tyson on Twitter about flat earth and tried to crowdfund a satellite launch so he could prove the earth was flat (https://www.bbc.com/news/blogs-trending-41399164.amp). The ‚Äúcancelling‚Äù came when he released a diss track about Neil DeGrasse Tyson (https://youtu.be/UONq1fYWYO0?si=xpttGxkl-UCdhN7z) in which he also makes other batshit claims about Freemasons, Aliens, and Holocaust denial. Name a conspiracy theory, and B.o.B has probably admitted his belief in it, which basically lead to no record label wanting to go near him. His insistence on ‚Äúfree speech‚Äù lead to him creating his own record label, and thus pretty much disappearing from the charts. All that being said, this one‚Äôs a banger.",1641a215e19d4584aaef88d5a1796a69,Yes
spotify:track:1auxYwYrFRqZP7t3s7w4um,Ni**as In Paris,Watch The Throne,"JAY-Z, Kanye West",3828fb97e38e4bfdac4343c43216a492,2026-01-07T13:31:33Z,"I feel this is a double whammy, Jay z with his rape allegations and Kanye for being, well Kanye",1641a215e19d4584aaef88d5a1796a69,Yes
spotify:track:2kkvB3RNRzwjFdGhaUA0tz,Layla,Layla And Other Assorted Love Songs (Remastered 2010),Derek & The Dominos,0034474c5f804b6e99a366f09da69b35,2026-01-07T18:41:02Z,"Derek aka Eric Clapton is racist, he said things like ""Keep Britain White"". Once at a gig he was playing he said ""do we have any foreigners in the audience"" then said they should all leave the country when they put up their hands. Also this song is about how much he loves George Harrison's wife, who he went on to steal",1641a215e19d4584aaef88d5a1796a69,Yes
spotify:track:2UAbgLLiWFxknvbw3WsEjV,Another Weekend,Dedicated to Bobby Jameson,Ariel Pink,78d12b4b50924b6e83f2a060a150a8e8,2026-01-07T18:08:50Z,"General online troll and scumbag, ardent trump supporter and capitol riots attendee. Makes absolute bangers though",1641a215e19d4584aaef88d5a1796a69,Yes
spotify:track:3BovdzfaX4jb5KFQwoPfAw,Beat It,Thriller,Michael Jackson,1d843b6c8a8946b9bda7ad95b6ccc195,2026-01-07T18:06:00Z,MJ is my kryptonite. I'm very sorry but I will listen to him for the rest of my life :/ ain't nobody he he like he he he,1641a215e19d4584aaef88d5a1796a69,Yes
spotify:track:3DK6m7It6Pw857FcQftMds,Runaway,My Beautiful Dark Twisted Fantasy,"Kanye West, Pusha T",dfd346d38f17465b9e121991477a6c8b,2026-01-07T18:41:12Z,"I miss the old Kanye, 
before bipolar Kanye, 
‚ÄúThe Jews are in control‚Äù Kanye,
The ‚ÄúTrump‚Äôs my bro‚Äù Kanye",1641a215e19d4584aaef88d5a1796a69,Yes
spotify:track:3NZJlJemX3mzjf56MqC5ML,Forever,Forever,Chris Brown,a3ae0c49642a47d48c37d7c01c632225,2026-01-07T12:50:32Z,,1641a215e19d4584aaef88d5a1796a69,Yes
spotify:track:4D3eJvbNKjMF8DRQFVIHsG,212,1991 - EP,"Azealia Banks, Lazy Jay",a8e4878c0eef4cf2b98d20b54391601d,2026-01-07T15:46:12Z,"She be transphobic, homophobic, xenophobic, racist, list goes on",1641a215e19d4584aaef88d5a1796a69,Yes
spotify:track:5ueh54LYmh5QA5pdFDRDJU,Kings And Queens,This Is War,Thirty Seconds To Mars,96d515a50352471caca66cdd7e710407,2026-01-07T12:55:03Z,It's morbin time,1641a215e19d4584aaef88d5a1796a69,Yes
spotify:track:7Jh1bpe76CNTCgdgAdBw4Z,"""Heroes"" - 2017 Remaster","""Heroes"" (2017 Remaster)",David Bowie,71c8417802d241c6b2c478d5a45128b3,2026-01-07T13:02:23Z,I'm sorry Lori Mattix you didn't deserve this,1641a215e19d4584aaef88d5a1796a69,Yes
spotify:track:7KsZHCfOitA5V9oQYVdltG,Everything Now,Everything Now,Arcade Fire,2fc9c6b8f92145d697caadac61426533,2026-01-07T16:59:10Z,"In August and November 2022, five people, using pseudonyms, accused Arcade Fire frontman Win Butler of sexual misconduct, emotional abuse, and non-consensual sexual interactions in reports published by Pitchfork. Butler acknowledged the extramarital relationships but vehemently denied all claims of non-consensual behavior, stating the interactions were mutual",1641a215e19d4584aaef88d5a1796a69,Yes
spotify:track:0SiywuOBRcynK0uKGWdCnn,Bad Romance,The Fame Monster (Deluxe Edition),Lady Gaga,0034474c5f804b6e99a366f09da69b35,2026-01-09T16:13:19Z,,167ad390caad4d31ad7600880deed23b,Yes
spotify:track:1huN927tTdSiwF90FBHXkT,Immaterial,OIL OF EVERY PEARL'S UN-INSIDES,SOPHIE,71c8417802d241c6b2c478d5a45128b3,2026-01-09T16:39:21Z,Miss you everyday SOPHIE ,167ad390caad4d31ad7600880deed23b,Yes
spotify:track:2HPB3px8MJZRMfu1L65Z41,Does Your Mother Know,Voulez-Vous,ABBA,e43c6e753dbf4f999a68467b26ac1663,2026-01-09T16:42:47Z,Does she?,167ad390caad4d31ad7600880deed23b,Yes
spotify:track:3SnGymj6ijE2iuUfWxLo1q,I'm Coming Out,Diana,Diana Ross,3828fb97e38e4bfdac4343c43216a492,2026-01-09T16:33:16Z,"An anthem for self acceptance, empowerment and liberation. How could it not pop off?",167ad390caad4d31ad7600880deed23b,Yes
spotify:track:3WbZ2I2B7A2hPrn5MP9bgE,Itty Bitty,Smoochies,Ashnikko,96d515a50352471caca66cdd7e710407,2026-01-09T17:23:41Z,I can feel the sweat running off me ü´¶ü´¶ü´¶,167ad390caad4d31ad7600880deed23b,Yes
spotify:track:44MuEHdlociG8KjhPhOVw5,Padam Padam,Tension (Deluxe),Kylie Minogue,2fc9c6b8f92145d697caadac61426533,2026-01-09T16:28:54Z,,167ad390caad4d31ad7600880deed23b,Yes
spotify:track:4Fpsa3pYc3gozrxHRRPvR6,Ray of Light,Ray of Light,Madonna,78d12b4b50924b6e83f2a060a150a8e8,2026-01-09T16:13:42Z,Madonna the queen delivers once again. It's giving cock,167ad390caad4d31ad7600880deed23b,Yes
spotify:track:5w44L1o2ShMQfU32vxTILG,HER NECK HER BACK (ONLY TOUCH HER IF SHE WANTS 2),NAWTY TRAX 2,Toni Moralez,d007026516024c34981c654238511be8,2026-01-09T16:45:47Z,Bussy ,167ad390caad4d31ad7600880deed23b,Yes
spotify:track:6aqNCrRA7vs7v6QvRpI50t,Dancing On My Own,Body Talk,Robyn,a3ae0c49642a47d48c37d7c01c632225,2026-01-09T16:43:37Z,,167ad390caad4d31ad7600880deed23b,Yes
spotify:track:6I9VzXrHxO9rA9A5euc8Ak,Toxic,In The Zone,Britney Spears,1d843b6c8a8946b9bda7ad95b6ccc195,2026-01-09T17:31:56Z,It's Britney bitch,167ad390caad4d31ad7600880deed23b,Yes
spotify:track:6PiaRwtGTMpGyNKbUeEffo,Dosa My Honey,Dosa My Honey,Zazie's Uh Flower,dfd346d38f17465b9e121991477a6c8b,2026-01-09T16:30:18Z,"This is a song written by a 4 year old about her dog, this would eat x",167ad390caad4d31ad7600880deed23b,Yes
spotify:track:7GRv55NwkjxU2ysJLwzC9c,Speed Drive,Barbie The Album,Charli xcx,a8e4878c0eef4cf2b98d20b54391601d,2026-01-09T16:52:29Z,,167ad390caad4d31ad7600880deed23b,Yes
spotify:track:1GV98LUEVk1U3LWAkX2Apw,Here (In Your Arms),Zombies! Aliens! Vampires! Dinosaurs!,Hellogoodbye,a3ae0c49642a47d48c37d7c01c632225,2026-01-11T12:07:09Z,this song falls into the same category of Shake It - Metro Station and In This City - Iglu and Hartley. Couldnt decide but this was actually my ringtone on my Motorola razr once upon a time ,e17881d38b9f4ed99fc81852fff2e05f,Yes
spotify:track:1myEOhXztRxUVfaAEQiKkU,Cosmic Love,Lungs (Deluxe Version),Florence + The Machine,d007026516024c34981c654238511be8,2026-01-11T16:28:06Z,"It is between this, Fireflies & Starry Eyed. I still remember sitting in the playground with our Sony Ericsson‚Äôs sharing songs - oh to be young againü•≤",e17881d38b9f4ed99fc81852fff2e05f,Yes
spotify:track:1Y1lfD897czmPqULtHS7E7,Heartbroken,Heartbroken,T2,dfd346d38f17465b9e121991477a6c8b,2026-01-10T11:50:28Z,Strong memories of lil shams on the bus blaring this ,e17881d38b9f4ed99fc81852fff2e05f,Yes
spotify:track:2bLqfJjuC5syrsgDsZfGmn,The Way I Are,Shock Value,"Timbaland, Keri Hilson, D.O.E.",96d515a50352471caca66cdd7e710407,2026-01-10T13:23:07Z,üòé,e17881d38b9f4ed99fc81852fff2e05f,Yes
spotify:track:2q4rjDy9WhaN3o9MvDbO21,Kiss Me Thru The Phone,iSouljaBoyTellem,"Soulja Boy, Sammie",78d12b4b50924b6e83f2a060a150a8e8,2026-01-10T11:28:14Z,Truly ahead of his time,e17881d38b9f4ed99fc81852fff2e05f,Yes
spotify:track:3DamFFqW32WihKkTVlwTYQ,Fireflies,Ocean Eyes,Owl City,1d843b6c8a8946b9bda7ad95b6ccc195,2026-01-11T15:49:32Z,"Was overplayed tfuck at the time but I understand why now, it's such an amazing sound, I haven't heard anything quite like it before or since",e17881d38b9f4ed99fc81852fff2e05f,Yes
spotify:track:3FtYbEfBqAlGO46NUDQSAt,Electric Feel,Oracular Spectacular,MGMT,0034474c5f804b6e99a366f09da69b35,2026-01-11T21:00:04Z,,e17881d38b9f4ed99fc81852fff2e05f,Yes
spotify:track:3qLhHLgFCvq6YEzqZhCPEd,Come With Me - Radio Edit,Reckless,Special D.,2fc9c6b8f92145d697caadac61426533,2026-01-10T17:03:22Z,Takes me straight back to 2k6 where this was the Magnum opus of music ,e17881d38b9f4ed99fc81852fff2e05f,Yes
spotify:track:5Nr1ZcH9PGTiQdGl9HCCS1,Now You're Gone (feat. DJ Mental Theo's Bazzheadz) - Video Edit,Now You're Gone - The Album,"Basshunter, DJ Mental Theos Bazzheadz",3828fb97e38e4bfdac4343c43216a492,2026-01-10T18:03:29Z,"Watched this guy on big brother years later and he was such a wet mop of a human. Also, used to try to shuffle to this song in teenage clubs, i was not a popular youth ",e17881d38b9f4ed99fc81852fff2e05f,Yes
spotify:track:5XVjNRubJUW0iPhhSWpLCj,Better Off Alone,Who Needs Guitars Anyway?,Alice Deejay,a8e4878c0eef4cf2b98d20b54391601d,2026-01-11T22:54:52Z,Electronic and trance music were key. This was my ring tone for too long ,e17881d38b9f4ed99fc81852fff2e05f,Yes
spotify:track:6bIkBV2Wpw08A8KDJA7psE,Jumping All Over The World,Jumping All Over The World,Scooter,e43c6e753dbf4f999a68467b26ac1663,2026-01-10T11:39:10Z,Trying to learn jumpstyle to this in the yard ü•π,e17881d38b9f4ed99fc81852fff2e05f,Yes
spotify:track:6TrNRd98WksT9Kkmx9uj6R,Let It Rock,In The City,"Kevin Rudolf, Lil Wayne",71c8417802d241c6b2c478d5a45128b3,2026-01-10T14:27:28Z,Was the most popular guy in 6th class sending people this ,e17881d38b9f4ed99fc81852fff2e05f,Yes
spotify:track:0BU7UCDxV2AxK11swhJ9aJ,Sad Disco,Shadowglow,flipturn,0034474c5f804b6e99a366f09da69b35,2026-01-13T13:31:49Z,,0574a99a12c54327a2527b5d2332a060,Yes
spotify:track:0Ej6OBBtMvhjaJvtt1vtUt,Never Come Back,Suddenly,Caribou,d007026516024c34981c654238511be8,2026-01-13T09:44:22Z,,0574a99a12c54327a2527b5d2332a060,Yes
spotify:track:1LomCMl5wD3MPVlC6smUHe,Don‚Äôt Delete The Kisses,Visions Of A Life,Wolf Alice,71c8417802d241c6b2c478d5a45128b3,2026-01-13T10:30:18Z,Their new album is great too but nothing will ever beat this banger ,0574a99a12c54327a2527b5d2332a060,Yes
spotify:track:1PbMywSKCFnFXIcZhjuniS,Half Alive,Scarlet Lamb,yun√® pinku,96d515a50352471caca66cdd7e710407,2026-01-13T09:30:17Z,Saw her last Friday üëº,0574a99a12c54327a2527b5d2332a060,Yes
spotify:track:2f0uekb8fxtGo8eRGFVM2B,Cannonballers,The Cannonballers,Colony House,1d843b6c8a8946b9bda7ad95b6ccc195,2026-01-13T22:01:44Z,,0574a99a12c54327a2527b5d2332a060,Yes
spotify:track:3Stk5Oa5Pc2ertfAP5tRUZ,My Favourite Monster,My Favourite Monster,Cliffords,e43c6e753dbf4f999a68467b26ac1663,2026-01-13T18:07:53Z,No Babyrat on Spotify so this will have to do. Saw Cliffords in December. Very good ü´°,0574a99a12c54327a2527b5d2332a060,Yes
spotify:track:3V5LYeiwYMgV78ul8r3W6Z,Some Say The Devil Is Dead,Some Say The Devil Is Dead,The Wran,2fc9c6b8f92145d697caadac61426533,2026-01-13T09:56:41Z,Ones to watch üëÄ mix between lankum and the scratch ,0574a99a12c54327a2527b5d2332a060,Yes
spotify:track:3ZhDejrgUuIiLQx5q3RxEX,Literary Mind,Literary Mind,SPRINTS,a8e4878c0eef4cf2b98d20b54391601d,2026-01-13T18:41:18Z,,0574a99a12c54327a2527b5d2332a060,Yes
spotify:track:4kd3HIkMbwO4sVgkYkrBGo,Into Dust (Still Falling),Into Dust (Still Falling),Four Tet,78d12b4b50924b6e83f2a060a150a8e8,2026-01-13T10:36:31Z,,0574a99a12c54327a2527b5d2332a060,Yes
spotify:track:4mNpNexjoGmhehWvFg4P1k,Vagabond,Caamp,Caamp,dfd346d38f17465b9e121991477a6c8b,2026-01-13T10:21:07Z,ü§† ,0574a99a12c54327a2527b5d2332a060,Yes
spotify:track:4p4S4w6bZgjYlBcrWObJha,Pisa,Self Harm Sex: The EP,Cerebella,a3ae0c49642a47d48c37d7c01c632225,2026-01-13T09:52:30Z,,0574a99a12c54327a2527b5d2332a060,Yes
spotify:track:5X04NRmQ7iIINOtACuxltp,Cod Liver Oil & The Orange Juice,A Mouthful of The Mary Wallopers,The Mary Wallopers,3828fb97e38e4bfdac4343c43216a492,2026-01-13T09:05:18Z,Great Christmas gig,0574a99a12c54327a2527b5d2332a060,Yes
spotify:track:13QZb2ua0JY2VJU9wG4PmQ,Salted Caramel Ice Cream,Metronomy Forever,Metronomy,a3ae0c49642a47d48c37d7c01c632225,2026-01-16T10:13:08Z,,f0a5cd5c4d0f42b79baa8671acdd7329,Yes
spotify:track:1lLEFznU4FGpxEFGg5TkkR,Coca Cola Sky,Dog Person,Kean Kavanagh,d007026516024c34981c654238511be8,2026-01-16T10:23:37Z,,f0a5cd5c4d0f42b79baa8671acdd7329,Yes
spotify:track:26wpcLqBHEfOL00i1rdbun,Milkshake,Tasty,Kelis,dfd346d38f17465b9e121991477a6c8b,2026-01-16T14:33:06Z,ü•§,f0a5cd5c4d0f42b79baa8671acdd7329,Yes
spotify:track:37pKTyMwalomKCZjxTc2QZ,Cherry-coloured Funk,Heaven or Las Vegas,Cocteau Twins,78d12b4b50924b6e83f2a060a150a8e8,2026-01-16T10:17:45Z,What is she saying? Who knows. This sounds like I'm inside a kaleidoscope floating through space.,f0a5cd5c4d0f42b79baa8671acdd7329,Yes
spotify:track:3I5azi0831uNpYQsfYsW7G,Cola,Born To Die - The Paradise Edition,Lana Del Rey,1d843b6c8a8946b9bda7ad95b6ccc195,2026-01-16T11:21:00Z,üëÑüëÑüëÑüëÑ,f0a5cd5c4d0f42b79baa8671acdd7329,Yes
spotify:track:3xnyA3owEyMqQn5nj7thw5,MILK,MILK,Agnes,a8e4878c0eef4cf2b98d20b54391601d,2026-01-16T12:40:42Z,,f0a5cd5c4d0f42b79baa8671acdd7329,Yes
spotify:track:434qlyPFJd5FWpJ72eB3VL,Pizza Guy,Pizza Guy / Show Me,Touch Sensitive,96d515a50352471caca66cdd7e710407,2026-01-16T10:12:22Z,Had a lot of main character moments walking around Uni listening to this,f0a5cd5c4d0f42b79baa8671acdd7329,Yes
spotify:track:4Q66chx9WzqWcLItXoZ5r4,Cherry Wine - Live,Hozier,Hozier,0034474c5f804b6e99a366f09da69b35,2026-01-16T10:51:06Z,,f0a5cd5c4d0f42b79baa8671acdd7329,Yes
spotify:track:4uOKFydzAejjSFqYbv1XPt,Red Red Wine,The Very Best Of,UB40,3828fb97e38e4bfdac4343c43216a492,2026-01-16T10:54:41Z,A classic,f0a5cd5c4d0f42b79baa8671acdd7329,Yes
spotify:track:5jSz894ljfWE0IcHBSM39i,Raspberry Beret,Around the World in a Day,Prince,e43c6e753dbf4f999a68467b26ac1663,2026-01-16T10:11:45Z,üëë,f0a5cd5c4d0f42b79baa8671acdd7329,Yes
spotify:track:71yN0yrHej3jhKXewbmtEh,Coconuts,Coconuts,Kim Petras,71c8417802d241c6b2c478d5a45128b3,2026-01-16T11:05:12Z,A song that's definitely about coconuts and not something else entirely ,f0a5cd5c4d0f42b79baa8671acdd7329,Yes
spotify:track:7C0o0TW0bYFT39XH5nEOqu,Salt & Pepper,Smooth Big Cat,DOPE LEMON,2fc9c6b8f92145d697caadac61426533,2026-01-16T10:52:42Z,Just in case we need a bit of seasoning ,f0a5cd5c4d0f42b79baa8671acdd7329,Yes
spotify:track:026wpXkLAjImiWOzzcJBHj,Good Looking,Good Looking,Suki Waterhouse,0034474c5f804b6e99a366f09da69b35,2026-01-20T12:47:44Z,So dreamy,3d9cd6b0b028456fba0b9a3647971447,Yes
spotify:track:0KGIbrNYktDXYyHopcDI2L,Make Me Wanna Die,Light Me Up,The Pretty Reckless,1d843b6c8a8946b9bda7ad95b6ccc195,2026-01-20T16:39:12Z,"If you don't know Jenny from gossip girl, you might know cutie Cindy Lou Who from the Grinch ‚ù§Ô∏è Taylor Momsen grew up into a big emo and tbf this song rocks",3d9cd6b0b028456fba0b9a3647971447,Yes
spotify:track:0wXuerDYiBnERgIpbb3JBR,Redbone,"""Awaken, My Love!""",Childish Gambino,3828fb97e38e4bfdac4343c43216a492,2026-01-19T23:42:27Z,This man can do a little bit of absolutely everything ,3d9cd6b0b028456fba0b9a3647971447,Yes
spotify:track:1MgEZRmIQ3DEmQYT9Gv7MM,Why Do You Let Me Stay Here?,Volume One,She & Him,a3ae0c49642a47d48c37d7c01c632225,2026-01-19T23:34:16Z,quirky !,3d9cd6b0b028456fba0b9a3647971447,Yes
spotify:track:31TADh49q4s4jm6lGDeIrd,In My Secret Life,Ten New Songs,Leonard Cohen,78d12b4b50924b6e83f2a060a150a8e8,2026-01-20T16:00:00Z,Leonard Cohen was a poet and novelist before starting a musical career. Kinda music adjacent for his singer songwriter style,3d9cd6b0b028456fba0b9a3647971447,Yes
spotify:track:3qhlB30KknSejmIvZZLjOD,End of Beginning,DECIDE,Djo,d007026516024c34981c654238511be8,2026-01-19T23:24:39Z,Topical as Joe Keery was first made famous by starring as Steve in Stranger things & this song is class,3d9cd6b0b028456fba0b9a3647971447,Yes
spotify:track:5tdKaKLnC4SgtDZ6RlWeal,How Will I Know,Whitney Houston,Whitney Houston,96d515a50352471caca66cdd7e710407,2026-01-20T11:03:48Z,Teen model before ever becoming a singer,3d9cd6b0b028456fba0b9a3647971447,Yes
spotify:track:5wQnmLuC1W7ATsArWACrgW,Welcome to the Black Parade,The Black Parade,My Chemical Romance,dfd346d38f17465b9e121991477a6c8b,2026-01-20T12:29:31Z,"Gerard Way studied as a comic book writer and pitched to Cartoon Network before MCR got famous. He created the comic series Umbrella Academy, as well as the character Peni Parker in the Spiderverse films. ",3d9cd6b0b028456fba0b9a3647971447,Yes
spotify:track:6N5DRCQUSXT1qQqmqsO92B,Party All the Time,How Could It Be,Eddie Murphy,2fc9c6b8f92145d697caadac61426533,2026-01-20T12:50:05Z,"Eddie Murphy's 1985 hit ""Party All the Time"" was born out of a high-stakes bet with comedian Richard Pryor, who wagered that Murphy could not produce a successful musical record without including comedy. 

Prior never paid out",3d9cd6b0b028456fba0b9a3647971447,Yes
spotify:track:6ocbgoVGwYJhOv1GgI9NsF,7 rings,"thank u, next",Ariana Grande,e43c6e753dbf4f999a68467b26ac1663,2026-01-20T07:04:31Z,It‚Äôs a travesty that she wasn‚Äôt the main star in Victorious. Ms. Justice could never make 7 Rings.,3d9cd6b0b028456fba0b9a3647971447,Yes
spotify:track:6rY5FAWxCdAGllYEOZMbjW,SLOW DANCING IN THE DARK,BALLADS 1,Joji,a8e4878c0eef4cf2b98d20b54391601d,2026-01-20T16:35:34Z,"Anyone know of Filthy Frank? Famous YouTuber - this him now - fell in love with his music in 2020, it‚Äôs so beautiful ",3d9cd6b0b028456fba0b9a3647971447,Yes
spotify:track:7vRdcsmD92oErIQDnmp60e,Pa Pa Power,Dead Man's Bones,Dead Man's Bones,71c8417802d241c6b2c478d5a45128b3,2026-01-19T23:27:00Z,Ryan Gosling's dark indie-folk band sounds like an AI-generated sentence but it's actually a real thing and was even more confusing when came out in 2009 pre-him doing La La Land & Barbie,3d9cd6b0b028456fba0b9a3647971447,Yes
spotify:track:0iZYdGkLpdEvM3igcyVKFj,pop a pill,pop a pill,mischluft,2fc9c6b8f92145d697caadac61426533,2026-01-22T15:42:51Z,"In your pilly Haze, you stumble off away from your friends looking for some water, a light mist of rain is cooling your face down from the sweats. You see lights and hear thumping base lines spilling from a tooked away tent, you check it out. To your surprise, the place is heaving, the crowd is bouncing in unison, and there you see it, the ORB. All is well, you start to peak once more.",134e98758c8644a6a9a9c2fa7a6a731f,Yes
spotify:track:0SDeRncYFKK7Q0taUn6KNk,Won't Forget You (Donk Edit Featuring The Blackout Crew),Won't Forget You (Donk Edit Featuring The Blackout Crew),"Jax Jones, D.O.D, Ina Wroldsen, The Blackout Crew",e43c6e753dbf4f999a68467b26ac1663,2026-01-22T10:43:11Z,When you stumble back to the campsite and the lads working at the Waltzers are dropping some heat like this 25 metres from your tent,134e98758c8644a6a9a9c2fa7a6a731f,Yes
spotify:track:1GCyyYAFCfFwbu1z5sbI6S,Opening Credits,Opening Credits,nimino,3828fb97e38e4bfdac4343c43216a492,2026-01-21T23:37:16Z,"You've lost your friends. You're panicking a bit wondering how to find them. 

This pops on in the tent you're searching and you think, maybe ill chill out. Maybe its time for a dart or another sneaky bump of ket.

Your friends spot you having a little vibe on your own. Soon you're altogether again, the nights still young. Another bomb? Well, if you must",134e98758c8644a6a9a9c2fa7a6a731f,Yes
spotify:track:1JWGb5B2QpgLBqgG4um086,I Caught Her Eye,Reclaim The Ritual,Bog Bodies,d007026516024c34981c654238511be8,2026-01-22T19:51:46Z,"You found a mystery bag on the floor & decided to take it. The jackpot was struck when it turned out to be some rhino ket. You stumbled from the Portaloo through the woods to a tiny trad rave stage where everyone is legless. Your mind was blown, Celtic beings danced, and the Orb was there pulsing through your field of vision. Was this Heaven? The next morning no one believes you as the tiny stage cannot be found on the festival map :(",134e98758c8644a6a9a9c2fa7a6a731f,Yes
spotify:track:22icNHPBlLiEmZzJg4h2QJ,Coronation Street Donk Party - Radio Edit,Eugene‚Äôs Donk Party,"DJ Eugene McCauley, UTV",a3ae0c49642a47d48c37d7c01c632225,2026-01-22T20:10:44Z,Think I heard this in a tent at 3. Or maybe a sea of tents around me. I can't tell,134e98758c8644a6a9a9c2fa7a6a731f,Yes
spotify:track:2BrYN0UbgAQP4lteLJhsqB,9 Years,9 Years,Eadaoin,1d843b6c8a8946b9bda7ad95b6ccc195,2026-01-23T20:26:06Z,Wish the trad tent at ATN stayed open all night. If I stumbled across this I'd think I was dreaming and never want to wake up,134e98758c8644a6a9a9c2fa7a6a731f,Yes
spotify:track:30uvCVEYqgktyLfDcI76Hx,Doused,Oshin,DIIV,dfd346d38f17465b9e121991477a6c8b,2026-01-23T12:23:14Z,"Saw these in the big tent at ATN while crawling home to my tent in a k-hole, there were about 45 people in the room ",134e98758c8644a6a9a9c2fa7a6a731f,Yes
spotify:track:440ltqnjacsXwM3T2vxchs,All the Boys on the Dole,All the Boys on the Dole,TPM,96d515a50352471caca66cdd7e710407,2026-01-22T19:56:28Z,"Picture this: you're wandering around after a DMC with your bestie, trying to find the squad who have all disappeared off to some far off stage. You wander past a little tent and like a child hearing tunes from the Pied Piper, you can't help but groove and mosey over to check out the groovy tunes going on in this spot. As it turns out, the tent is fucking popping off, and everyone is blasting out the refrain. You stick around for a boogie and sing your heart out.
 
Additional fun fact, the two brothers in this went on to form the Mary Wallopers!",134e98758c8644a6a9a9c2fa7a6a731f,Yes
spotify:track:4A3G0txlULTVwUyeqK1uFw,Duddle Uddle,Birthrights,Headmix Collective,a8e4878c0eef4cf2b98d20b54391601d,2026-01-23T14:36:11Z,"
It‚Äôs long but a song that just keeps on giving! At ~2am tripping, ran away from everyone - an hour later they found me dancing around to these at one of those small bar stages - this song playing, felt so free & happy and I was definitely still trippin ",134e98758c8644a6a9a9c2fa7a6a731f,Yes
spotify:track:6BtLkHXxDUujuo2VTPOWUM,GRWM (eww),INFLUENZER,GFOTY,71c8417802d241c6b2c478d5a45128b3,2026-01-22T19:52:40Z,"It's 3am and you've just spent 4 hours at a techno set, you need some energy, you follow the shouts to a tiny tent, you have no idea what's going on but it's a good buzz ",134e98758c8644a6a9a9c2fa7a6a731f,Yes
spotify:track:6dtnLTC38cmEIgWZBmYkvw,beeep,IIcons,Two Shell,78d12b4b50924b6e83f2a060a150a8e8,2026-01-23T13:36:47Z,'We are officially in the nightmare'. When things are starting to get wavy and weird,134e98758c8644a6a9a9c2fa7a6a731f,Yes
spotify:track:6skfouZ5bFFU3vxWaBla3B,Dog Dribble,Dog Dribble,Getdown Services,0034474c5f804b6e99a366f09da69b35,2026-01-22T08:21:35Z,"Maybe not the most musically groundbreaking song but these guys live are such craic, it's just sweaty mosh pit after sweaty mosh pit",134e98758c8644a6a9a9c2fa7a6a731f,Yes
